name,clsid,z_cluster,R200_Mpc,peak_spec_m,peak_spec_m_density,peak_photo_m,peak_photo_m_density,z_offset_m,peak_spec_mi,peak_spec_mi_density,peak_photo_mi,peak_photo_mi_density,z_offset_mi,rmse_base_m,rmse_base_mi,rmse_om_m,rmse_om_mi,rel_om_m,rel_om_mi,rmse_omi_m,rmse_omi_mi,rel_omi_m,rel_omi_mi
MKW4,36,0.02,1.040702,0.02040683417085427,45.432146314889025,0.025235155148241206,11.324829571142725,0.004828320977386936,0.02029852763819096,19.121425095331787,0.02501620227889447,11.641855393770026,0.004717674640703513,0.007054997847585989,0.007900494512816719,0.0045965750850851346,0.0062156341800736065,-0.3484654163774201,-0.21326011049179486,0.004611174410122602,0.0062174870213370665,-0.3463960571298531,-0.21302558830328447
A168,37,0.044596,0.940114,0.044789391959798995,78.24848104977538,0.046850373366834175,12.536406601223375,0.00206098140703518,0.044854346733668345,48.82501644479301,0.04693784963819095,15.501513108138296,0.0020835029045226036,0.0091018292237632,0.009047699894774431,0.00885590463444456,0.009027996281582821,-0.02701924890840349,-0.0021777483140206382,0.008855829248711453,0.009030379202668354,-0.027027531390007357,-0.0019143751790530207
