ra,dec,z,z_err,v,v_err,radius_deg,radius_Mpc,v_offset,flag_member
326.99504,-45.991881,0.058087,0.00015,17414.045,44.968869,0.016467,0.068347,-428.073,0
326.964183,-46.030111,0.06,0.000333,17987.547,99.830889,0.027519,0.11422,113.172,0
327.034375,-46.088722,0.061389,0.00036,18403.959,99.99,0.091234,0.37868,506.161,0
327.119,-46.048,0.062302,0.000333,18677.67,99.830889,0.104778,0.434894,764.476,0
327.043292,-46.110111,0.060298,0.00015,18076.886,44.968869,0.11334,0.470434,197.485,0
327.178509,-45.963031,0.061936,0.000133,18567.946,39.872397,0.143374,0.595093,660.924,0
327.060416,-45.839269,0.060168,0.00015,18037.913,44.968869,0.174879,0.725858,160.704,0
327.221083,-46.067965,0.06325,0.000133,18961.873,39.872397,0.177983,0.738744,1032.694,0
327.054976,-45.831077,0.05848,0.00015,17531.863,44.968869,0.181572,0.753639,-316.881,0
